,player_name
0,服部年宏
1,福西崇史
2,中山雅史
3,ラモス瑠偉
4,内田篤人
5,南野拓実
6,巻誠一郎
7,大黒将志
8,今野泰幸
9,永田充
10,太田宏介
11,原口元気
12,本田圭佑
13,中西永輔
14,高桑大二朗
15,三浦弦太
16,川口能活
17,岩政大樹
18,岡崎慎司
19,秋田豊
20,名塚善寛
21,中田浩二
22,清武弘嗣
23,森岡隆三
24,槙野智章
25,米本拓司
26,村井慎二
27,井原正巳
28,小野伸二
29,鈴木秀人
30,細貝萌
31,吉田麻也
32,大島僚太
33,呂比須
34,石川直宏
35,山田大記
36,池ノ上俊一
37,西澤明訓
38,大榎克己
39,伊東輝悦
40,岡野雅行
41,栗原勇蔵
42,柿谷曜一朗
43,松井大輔
44,高木琢也
45,武田修宏
46,坪井慶介
47,黒部光昭
48,本山雅志
49,闘莉王
50,下川健一
51,柴崎岳
52,小村徳男
53,大迫勇也
54,野田知
55,千葉和彦
56,路木龍次
57,東口順昭
58,永井謙佑
59,高原直泰
60,田中達也
61,小島伸幸
62,川又堅碁
63,扇原貴宏
64,工藤壮人
65,川島永嗣
66,松田直樹
67,楢崎正剛
68,酒井宏樹
69,山下芳輝
70,柏木陽介
71,森保一
72,三浦淳宏
73,高橋秀人
74,倉田秋
75,松永成立
76,明神智和
77,森島寛晃
78,冨安健洋
79,上村健一
80,酒井高徳
81,伊野波雅彦
82,中澤佑二
83,前園真聖
84,前田遼一
85,長谷川健太
86,藤春廣輝
87,都築龍太
88,宇佐美貴史
89,永井雄一郎
90,吉田光範
91,ﾊｰﾌﾅｰ･ﾏｲｸ
92,森脇良太
93,西紀寛
94,ｼｭﾐｯﾄ･ﾀﾞﾆｴﾙ
95,吉原宏太
96,菊池新吉
97,前川和也
98,田中誠
99,北川航也
100,中村俊輔
101,安田理大
102,植田直通
103,権田修一
104,山口敏弘
105,青山敏弘
106,海本慶治
107,平山相太
108,山田卓也
109,山瀬功治
110,藤田直之
111,山口蛍
112,名良橋晃
113,阪倉裕二
114,藤本淳吾
115,水野晃樹
116,播戸竜二
117,武藤雄樹
118,高萩洋次郎
119,堂安律
120,玉田圭司
121,柳沢敦
122,佐藤寿人
123,名波浩
124,興梠慎三
125,相馬直樹
126,簔口祐介
127,安藤正裕
128,山田暢久
129,黒崎久志
130,林卓人
131,阿部勇樹
132,森重真人
133,鈴木大輔
134,長友佑都
135,長谷部誠
136,松山吉之
137,三竿健斗
138,下田崇
139,小笠原満男
140,谷口彰悟
141,城彰二
142,都並敏史
143,勝矢寿延
144,遠藤航
145,斉藤俊秀
146,田坂和昭
147,曽ヶ端準
148,土肥洋一
149,中村航輔
150,橋本英郎
151,金崎夢生
152,波戸康広
153,米倉恒貴
154,北澤豪
155,室屋成
156,小林悠
157,堀池巧
158,鈴木隆行
159,中村憲剛
160,齋藤学
161,神野卓哉
162,市川大祐
163,森本貴幸
164,藤田俊哉
165,丹羽大輝
166,伊東純也
167,大嶽直人
168,奥大介
169,礒貝洋光
170,水本裕貴
171,平野孝
172,望月重良
173,乾貴士
174,塩谷司
175,中田英寿
176,茶野隆行
177,西川周作
178,駒野友一
179,浅野拓磨
180,白澤久則
181,田代有三
182,李忠成
183,鈴木啓太
184,矢野貴章
185,田口禎則
186,太田吉彰
187,茂庭照幸
188,戸田和幸
189,久保竜彦
190,三浦知良
191,柳本啓成
192,中島翔哉
193,宮本恒靖
194,土田尚史
195,武藤嘉紀
196,稲本潤一
197,香川真司
198,三都主
199,徳永悠平
200,加地亮
201,山岸智
202,柱谷哲二
203,本田泰人
204,本田拓也
205,大久保嘉人
206,六反勇治
207,佐々木翔
208,羽生直剛
209,本吉剛
210,遠藤保仁
211,福田正博
212,豊田陽平
213,北嶋秀朗
214,真田雅則
215,前田治
216,昌子源
217,山口素弘
218,山田隆裕
